{"cameraMode":{"drawMode":0,"name":"Shaded","section":"Shading Mode"},"sceneLighting":true,"audioPlay":false,"sceneViewState":{"showFog":true,"showMaterialUpdate":false,"showSkybox":true,"showFlares":true,"showImageEffects":true,"showParticleSystems":true,"showVisualEffectGraphs":true,"m_FxEnabled":true},"in2DMode":false,"pivot":{"x":-10.395471572875977,"y":-3.5768790245056154,"z":22.897228240966798},"rotation":{"x":0.18783049285411836,"y":-0.31263959407806399,"z":0.06319686770439148,"w":0.9289820790290833},"size":11.256607055664063,"orthographic":false}