{"cameraMode":{"drawMode":0,"name":"Shaded","section":"Shading Mode"},"sceneLighting":true,"audioPlay":false,"sceneViewState":{"showFog":true,"showMaterialUpdate":false,"showSkybox":true,"showFlares":true,"showImageEffects":true,"showParticleSystems":true,"showVisualEffectGraphs":true,"m_FxEnabled":true},"in2DMode":false,"pivot":{"x":52.216957092285159,"y":4.849996566772461,"z":-36.189273834228519},"rotation":{"x":-0.042220089584589007,"y":-0.5594802498817444,"z":-0.028579259291291238,"w":0.8272891640663147},"size":5.415027618408203,"orthographic":false}