{"cameraMode":{"drawMode":0,"name":"Shaded","section":"Shading Mode"},"sceneLighting":false,"audioPlay":false,"sceneViewState":{"showFog":true,"showMaterialUpdate":false,"showSkybox":false,"showFlares":true,"showImageEffects":true,"showParticleSystems":true,"showVisualEffectGraphs":true,"m_FxEnabled":true},"in2DMode":false,"pivot":{"x":-0.05299854278564453,"y":4.248897552490234,"z":0.06400060653686524},"rotation":{"x":-0.5354836583137512,"y":-0.06569452583789826,"z":0.041826650500297549,"w":-0.8409788012504578},"size":12.12435531616211,"orthographic":false}